{"Join this Site": "/system:join", "3V1L-M-06-L1N": "/3v1l-m-06-l1n", "Advanced Plant-Zombie Spore": "/advanced-plant-zombie-spore", "Alice in Chains Tribarian": "/alice-in-chains-tribarian", "Alice in Chains Wraith": "/alice-in-chains-wraith", "Alien Juice": "/alien-juice", "AREA 51 FLYING SAUCER": "/area-51-flying-saucer", "Armored Black Dragon": "/armored-black-dragon", "Armored Red Dragon": "/armored-red-dragon", "Baby Cyber Dragon Travel Form": "/baby-cyber-dragon-travel-form", "Bad Hair Day Potion": "/bad-hair-day-potion", "Battle Bush": "/battle-bush", "Battle Dricken Claw": "/battle-dricken-claw", "Beach Ball (DC)": "/beach-ball-dc", "Beach Ball (Non-DC)": "/beach-ball-non-dc", "Beachbones (DC)": "/beachbones-dc", "Beachbones (Non-DC)": "/beachbones-non-dc", "Big Strange Key": "/big-strange-key", "Black Dragon": "/black-dragon", "Blade of the Deep (DC)": "/blade-of-the-deep-dc", "Blade of the Deep (Non-DC)": "/blade-of-the-deep-non-dc", "Blizzy's Gift (DC)": "/blizzy-s-gift-dc", "Blizzy's Gift (Non-DC)": "/blizzy-s-gift-non-dc", "Blue Ogre Ring": "/blue-ogre-ring", "Blue Ogre Soul": "/blue-ogre-soul", "Blue Shrub": "/blue-shrub", "Boar Stew": "/boar-stew", "Brownie (Transformation)": "/brownie-transformation", "Bubolt Travel Form (Non-DC)": "/bubolt-travel-form-non-dc", "Bush Root": "/bush-root", "Chibi Dage with Sword (DC)": "/chibi-dage-with-sword-dc", "Chibi Dage with Sword (Non-DC)": "/chibi-dage-with-sword-non-dc", "Creature 83 Travel Form": "/creature-83-travel-form", "Cuddly Moglin Suit (DC)": "/cuddly-moglin-suit-dc", "Cuddly Moglin Suit (Non-DC)": "/cuddly-moglin-suit-non-dc", "Cursed Pirate Skeleton (DC)": "/cursed-pirate-skeleton-dc", "Cursed Pirate Skeleton (Non-DC)": "/cursed-pirate-skeleton-non-dc", "Dark Shroom": "/dark-shroom", "Dark Shrub": "/dark-shrub", "Deadly Spider Legs (DC)": "/deadly-spider-legs-dc", "Deadly Spider Legs (Non-DC)": "/deadly-spider-legs-non-dc", "Deepling Fin": "/deepling-fin", "Defender Robowolf Travel Form": "/defender-robowolf-travel-form", "Devourer of Souls Rider (DC)": "/devourer-of-souls-rider-dc", "Devourer of Souls Rider (Non-DC)": "/devourer-of-souls-rider-non-dc", "Dollageddon Travel Form": "/dollageddon-travel-form", "Drick Cage": "/drick-cage", "Dricken Claw": "/dricken-claw", "Dricken Leg": "/dricken-leg", "DuckyDucky Feather": "/duckyducky-feather", "Earth Dragon": "/earth-dragon", "Echo of Bludregen": "/echo-of-bludregen", "Eclipsion Travel Form": "/eclipsion-travel-form", "Eight Legged Nightmare": "/eight-legged-nightmare", "Elite Guardian Rider": "/elite-guardian-rider", "Elvenguard Dragon": "/elvenguard-dragon", "Enchanted Frogzard Claw": "/enchanted-frogzard-claw", "Eternal Rocker Travel Form": "/eternal-rocker-travel-form", "Ethereal Wing": "/ethereal-wing", "Fairy Dragon Wing": "/fairy-dragon-wing", "Festive Snowman (DC)": "/festive-snowman-dc", "Festive Snowman (Non-DC)": "/festive-snowman-non-dc", "Festive Snowmini (DC)": "/festive-snowmini-dc", "Festive Snowmini (Non-DC)": "/festive-snowmini-non-dc", "Festively Dark Foliage": "/festively-dark-foliage", "Freak on a Leash Travel Form": "/freak-on-a-leash-travel-form", "Freak-a-zard Form": "/freak-a-zard-form", "Frost Wolf Travel Form (DC)": "/frost-wolf-travel-form-dc", "Frost Wolf Travel Form (Non-DC)": "/frost-wolf-travel-form-non-dc", "Frost Wraith Travel Form (DC)": "/frost-wraith-travel-form-dc", "Frost Wraith Travel Form (Non-DC)": "/frost-wraith-travel-form-non-dc", "Ghoulish Dragon": "/ghoulish-dragon", "Gift'thulu Travel Form": "/gift-thulu-travel-form", "Gingerbread Person (DC)": "/gingerbread-person-dc", "Gingerbread Person (Non-DC)": "/gingerbread-person-non-dc", "Glowy Golden Foliage": "/glowy-golden-foliage", "Golden Shrub": "/golden-shrub", "Grayscale Shrub": "/grayscale-shrub", "Greenguard Dragon": "/greenguard-dragon", "Guardian Defender Zard Reins": "/guardian-defender-zard-reins", "Guardian Golem Armor": "/guardian-golem-armor", "Half-eaten Cheese": "/half-eaten-cheese", "Headless Horseman (DC)": "/headless-horseman-dc", "Headless Horseman (Non-DC)": "/headless-horseman-non-dc", "Heavy Earth Dragon": "/heavy-earth-dragon", "HMS Traversal (Non-DC)": "/hms-traversal-non-dc", "Holly Jolly Red Foliage": "/holly-jolly-red-foliage", "Hot Lava Sample": "/hot-lava-sample", "Humbug the Moglin Suit (DC)": "/humbug-the-moglin-suit-dc", "Humbug the Moglin Suit (Non-DC)": "/humbug-the-moglin-suit-non-dc", "I Like Cheese": "/i-like-cheese", "I Like Cheese A Lot": "/i-like-cheese-a-lot", "Jumping Legion Skull (DC)": "/jumping-legion-skull-dc", "Jumping Legion Skull (Non-DC)": "/jumping-legion-skull-non-dc", "Lava Sample": "/lava-sample", "Legion Dravir (DC)": "/legion-dravir-dc", "Legion Dravir (Non-DC)": "/legion-dravir-non-dc", "Legion Rider (Transformation) (DC)": "/legion-rider-transformation-dc", "Legion Rider (Transformation) (Non-DC)": "/legion-rider-transformation-non-dc", "Legion Robowolf Travel Form": "/legion-robowolf-travel-form", "Legion Stallion": "/legion-stallion", "Legion Winged Skull (DC)": "/legion-winged-skull-dc", "Legion Winged Skull (Non-DC)": "/legion-winged-skull-non-dc", "Lil' Skelly Travel Form (DC)": "/lil-skelly-travel-form-dc", "Lil' Skelly Travel Form (Non-DC)": "/lil-skelly-travel-form-non-dc", "Lolosia Land Shark (DC)": "/lolosia-land-shark-dc", "Lolosia Land Shark (Non-DC)": "/lolosia-land-shark-non-dc", "Long Spider Hair": "/long-spider-hair", "M-06-L1N (Transformation)": "/m-06-l1n-transformation", "Magical Leaf": "/magical-leaf", "Master's Rage": "/master-s-rage", "Mega Don Travel Form (DC)": "/mega-don-travel-form-dc", "Mega Don Travel Form (Non-DC)": "/mega-don-travel-form-non-dc", "MegaDead Travel Form": "/megadead-travel-form", "MiniFool": "/minifool", "Mog-Baka Travel Form (DC)": "/mog-baka-travel-form-dc", "Mog-Baka Travel Form (Non-DC)": "/mog-baka-travel-form-non-dc", "Moglotron": "/moglotron", "Mogrevious Mech (Transformation)": "/mogrevious-mech-transformation", "O' TannenBush": "/o-tannenbush", "Pig Snout": "/pig-snout", "Pink Shrub": "/pink-shrub", "Plant-Zombie Spore": "/plant-zombie-spore", "Pony's Tail": "/pony-s-tail", "Pulsarian Travel Form": "/pulsarian-travel-form", "Purple Shrub": "/purple-shrub", "Raven's Claw": "/raven-s-claw", "Red Dragon": "/red-dragon", "Red Macaw": "/red-macaw", "Red Shrub": "/red-shrub", "RIP-ROD (DC)": "/rip-rod-dc", "RIP-ROD (Non-DC)": "/rip-rod-non-dc", "Rocker Dravir": "/rocker-dravir", "Rolling Snowman Head": "/rolling-snowman-head", "Rudolph the Reindragon": "/rudolph-the-reindragon", "Salty Parrot": "/salty-parrot", "Shadow Moglin Form": "/shadow-moglin-form", "Shadow Wolf Paw": "/shadow-wolf-paw", "Skeleton Travel Form (DC)": "/skeleton-travel-form-dc", "Skeleton Travel Form (Non-DC)": "/skeleton-travel-form-non-dc", "Skelezard Form": "/skelezard-form", "Smellyscale": "/smellyscale", "Spectral Dragon (Transformation)": "/spectral-dragon-transformation", "Spider Hair": "/spider-hair", "Spooky Vampragon": "/spooky-vampragon", "Stickolas Cage in Gone in Sticksty Seconds": "/stickolas-cage-in-gone-in-sticksty-seconds", "Stickolas Cage in Match Stickmen": "/stickolas-cage-in-match-stickmen", "Stickolas Cage in The Sticker Man": "/stickolas-cage-in-the-sticker-man", "Strange Key": "/strange-key", "Sufin' Beachbones (DC)": "/sufin-beachbones-dc", "Sufin' Beachbones (Non-DC)": "/sufin-beachbones-non-dc", "Surfin' Sneevil (DC)": "/surfin-sneevil-dc", "Surfin' Sneevil (Non-DC)": "/surfin-sneevil-non-dc", "Bubolt Travel Form (DC)": "/bubolt-travel-form-dc", "HMS Traversal (DC)": "/hms-traversal-dc", "Tasty Fish Pop": "/tasty-fish-pop", "Tasty Whale Pop": "/tasty-whale-pop", "Terror's Fate (DC)": "/terror-s-fate-dc", "Terror's Fate (Non-DC)": "/terror-s-fate-non-dc", "Toxic Barrel Form": "/toxic-barrel-form", "Turtle Soup": "/turtle-soup", "Twisted Horror Form": "/twisted-horror-form", "Warlock on a Broom (DC)": "/warlock-on-a-broom-dc", "Warlock on a Broom (Non-DC)": "/warlock-on-a-broom-non-dc", "Weird Shrooms": "/weird-shrooms", "Were-pumpkin Root": "/were-pumpkin-root", "Wild Boar Tusk": "/wild-boar-tusk", "Witch on a Broom (DC)": "/witch-on-a-broom-dc", "Witch on a Broom (Non-DC)": "/witch-on-a-broom-non-dc", "Wolfling": "/wolfling", "Wooden Stallion Travel Form": "/wooden-stallion-travel-form", "Zoom Shroom": "/zoom-shroom"}